0000,082,3,0,02,20,30,00,0,53,1,0,02,6,01,0,00,7,0
0000,083,3,0,02,30,20,00,1,52,1,0,02,2,01,0,00,7,0
0005,085,0,0,03,20,99,00,1,0,2,0,03,0,02,0,00,1,020
0029,077,0,0,04,20,00,00,0,15,3,0,04,0,02,0,00,2,0
0027,076,2,0,03,10,00,00,0,12,3,0,03,0,11,4,30,1,025
0014,085,0,0,01,40,20,00,0,53,9,1,00,2,02,0,00,4,0
0009,078,0,0,04,40,99,10,0,70,8,0,04,0,01,0,00,7,0
0035,069,2,0,04,20,20,10,1,70,0,0,03,2,02,0,00,7,012
0013,071,2,0,04,20,00,00,0,15,1,0,04,0,02,0,21,1,040
0070,076,2,0,02,10,20,00,0,52,1,0,02,2,02,5,33,3,015
0014,059,0,0,02,10,00,00,1,12,3,0,02,0,02,0,00,1,017
0000,083,0,0,02,40,10,99,0,0,1,0,02,1,00,0,00,4,060
0001,081,4,0,03,40,20,00,0,53,0,0,03,2,01,0,00,7,0
0003,064,0,0,03,40,00,00,0,53,3,0,03,0,05,0,00,7,0
0000,075,3,0,02,20,00,00,0,15,1,0,02,0,05,0,00,1,0
0006,083,0,0,01,10,20,00,1,52,1,1,00,2,01,0,00,3,024
0000,077,0,0,02,20,20,10,0,70,3,0,02,2,01,0,00,4,040
0000,086,0,0,01,40,20,00,0,53,8,1,00,2,01,0,00,7,0
0030,075,2,0,03,20,00,00,0,15,3,0,03,0,02,0,21,1,046
0001,084,3,0,02,40,99,10,0,70,9,0,02,0,01,0,00,7,0
0008,084,0,0,02,40,30,00,0,53,3,0,02,6,01,0,00,7,050
0004,069,3,0,02,40,20,10,1,70,1,0,02,2,02,0,00,7,0
0003,083,2,0,02,40,00,10,1,70,1,0,02,0,02,0,00,7,076
0003,082,0,0,02,10,00,00,1,12,2,0,02,0,01,0,00,1,020
0001,080,3,0,03,40,30,10,1,70,9,0,03,6,05,0,00,7,0
0015,063,2,3,03,40,00,10,1,70,1,0,02,0,05,0,00,7,060
0000,081,0,0,02,40,20,10,0,70,0,0,02,2,05,0,00,7,050
0007,085,0,0,02,30,00,00,0,33,1,0,02,0,01,0,00,7,044
0001,085,2,0,02,20,00,00,0,15,3,0,02,0,02,5,30,1,043
0003,075,0,0,02,40,20,10,8,70,3,0,02,2,05,0,00,7,050
0000,080,0,0,04,40,20,10,0,70,0,0,04,2,01,0,00,7,046
0024,072,3,0,02,40,30,00,0,53,1,0,02,6,01,0,00,7,040
0002,071,3,0,03,40,00,10,0,70,1,0,03,0,02,0,00,7,040
0015,084,0,0,02,40,20,00,7,53,1,0,02,2,00,0,00,7,036
0014,071,4,0,02,40,20,10,0,70,3,0,02,2,01,0,00,7,054
0007,072,2,0,02,40,20,10,0,70,3,0,02,2,02,0,00,7,072
0000,084,0,0,01,40,00,10,0,70,9,1,00,0,05,0,00,7,0
0008,075,3,0,02,40,10,00,0,53,3,0,02,8,05,3,56,4,0
0062,066,0,0,03,99,00,00,1,90,1,0,02,0,05,0,00,1,0
0017,064,0,0,02,10,00,00,0,12,1,0,02,0,01,5,30,1,025
0000,077,0,0,02,99,99,10,0,70,9,0,02,0,01,0,00,7,0
0001,073,3,0,02,40,00,10,0,70,1,0,02,0,05,0,00,7,016
0007,081,0,0,03,40,20,00,1,53,0,0,03,2,05,0,00,4,0
0010,084,0,0,03,10,00,00,1,12,3,0,03,0,01,0,00,1,021
0011,071,0,0,02,10,20,10,1,70,3,0,02,2,02,0,00,7,021
0000,076,3,0,02,20,00,10,1,74,1,0,02,0,02,0,00,7,0
0000,097,0,0,02,99,99,99,0,0,9,0,02,0,01,0,00,0,0
0043,061,1,0,02,20,00,00,0,15,1,0,02,0,05,3,33,2,040
0012,077,0,0,04,40,00,10,0,70,9,0,04,0,05,0,00,7,021
0001,079,0,0,02,40,99,10,0,70,9,0,02,0,05,0,00,7,011
0003,086,0,0,05,20,00,10,1,70,0,0,05,0,05,0,00,7,033
0029,072,0,0,03,40,10,10,0,70,9,0,03,1,05,3,00,7,020
0063,085,0,0,03,10,00,00,1,12,3,0,03,0,05,0,00,1,018
0037,084,1,0,02,20,20,00,1,52,1,0,02,2,05,0,00,3,032
0015,083,0,0,02,99,99,99,0,0,1,0,02,0,01,3,00,0,0
0007,070,0,0,02,20,00,00,0,15,1,0,02,0,01,0,00,1,033
0032,077,3,0,02,20,20,00,1,52,1,0,02,2,05,0,00,4,056
0000,083,3,0,02,40,20,10,0,70,8,0,02,2,02,0,00,7,0
0000,077,3,0,02,40,99,10,0,70,3,0,02,0,05,0,00,7,029
0000,072,3,0,03,40,20,10,0,70,3,0,03,2,08,0,00,7,008
0022,065,4,0,02,40,30,00,1,53,1,0,02,6,01,0,00,7,076
0004,072,1,0,02,20,00,00,0,15,3,1,01,0,05,0,00,1,054
0022,085,0,0,02,10,00,00,0,12,3,0,02,0,01,0,00,1,030
0052,065,1,0,03,10,00,00,0,12,3,0,02,0,05,4,33,1,020
0037,066,0,0,03,10,00,00,0,12,1,0,03,0,05,3,21,1,011
0055,071,2,0,05,10,00,00,0,12,1,0,04,0,01,4,30,1,014
0000,077,3,0,02,40,20,10,0,70,1,0,02,2,05,0,00,7,048
0005,060,0,3,03,20,99,10,1,70,1,0,03,0,05,0,00,7,036
0001,065,3,0,02,20,20,10,0,70,3,0,02,2,05,0,00,7,035
0010,073,4,0,02,99,99,00,0,0,1,0,02,0,01,0,00,0,030
0000,086,0,0,03,40,20,10,0,70,1,0,03,2,05,0,00,7,038
0064,071,3,0,04,10,00,00,0,12,1,0,02,0,11,5,33,1,026
0043,058,2,0,03,40,00,10,0,70,3,0,03,0,05,4,21,7,010
0007,089,0,0,02,40,00,00,0,53,1,0,02,0,05,0,00,7,049
0000,081,0,0,03,99,20,10,1,70,1,0,03,2,01,0,00,7,0
0002,088,3,0,01,40,20,10,1,70,9,1,00,2,01,0,00,7,0
0017,080,2,0,02,40,30,10,0,70,3,0,02,6,05,0,00,7,0
0002,079,2,0,02,20,20,10,0,70,1,0,02,2,02,0,00,4,024
0001,076,4,0,02,40,30,10,0,70,1,0,02,6,05,0,00,7,040
0010,075,3,3,02,20,10,00,1,33,3,0,02,8,01,3,00,3,051
0011,061,0,0,02,10,20,10,1,70,3,0,02,2,05,0,00,7,016
0031,073,0,0,02,99,00,10,0,70,1,0,02,0,05,0,00,7,021
0004,080,0,0,03,40,99,10,0,70,2,0,03,0,05,0,00,7,0
0052,070,2,0,03,10,00,00,0,12,1,0,02,0,02,5,33,1,029
0003,074,0,0,02,40,30,10,1,70,0,0,02,6,05,0,00,7,0
0008,087,2,0,02,40,20,00,7,53,3,0,02,2,11,0,00,3,0
0026,046,2,0,02,10,20,10,1,70,3,0,02,2,05,0,00,7,993
0002,092,0,0,02,41,21,00,1,72,0,0,02,1,02,0,00,4,035
0022,063,0,0,03,20,20,10,0,70,9,0,02,2,05,0,00,7,042
0037,069,0,0,03,10,00,00,0,12,3,0,02,0,05,0,21,1,027
0001,068,3,0,02,30,20,00,1,52,0,0,02,2,01,0,00,4,038
0001,091,3,0,02,40,00,00,0,53,1,0,02,0,05,0,00,7,038
0044,064,3,0,03,20,10,00,0,33,1,0,02,1,05,5,30,4,028
0043,064,3,0,03,10,00,00,0,12,1,0,03,0,02,4,30,1,015
0003,067,0,0,02,40,00,10,1,70,3,0,02,0,05,0,00,7,008
0057,076,2,0,02,10,00,00,0,12,1,0,02,0,02,5,33,1,015
0002,080,0,0,01,30,30,10,0,70,1,1,00,6,02,0,00,7,035
0036,070,1,0,03,40,00,00,0,53,1,0,03,0,05,0,22,1,012
0007,063,0,0,02,10,00,00,1,12,3,0,02,0,01,0,00,1,030
0003,081,2,0,03,40,99,00,0,53,3,0,03,0,05,0,00,7,037
0033,080,0,0,03,10,00,00,7,12,1,0,03,0,00,0,00,1,020
0019,082,4,0,02,20,10,00,0,33,1,0,02,5,01,4,33,4,015
0000,087,0,0,03,40,20,10,0,70,9,0,03,2,01,0,00,7,035
0011,078,0,0,02,40,20,10,1,70,1,0,02,2,02,0,00,7,066
0001,071,3,0,02,10,20,10,1,70,1,0,02,2,05,0,00,7,014
0059,083,2,0,04,20,00,00,0,15,1,0,04,0,02,5,33,2,017
0002,082,4,0,03,40,00,10,0,70,1,0,03,0,01,0,00,7,100
0012,071,0,0,03,40,20,00,0,53,1,0,03,2,01,0,00,7,058
0002,095,0,0,03,99,20,10,0,70,1,0,03,2,00,0,00,7,062
0039,060,3,0,02,30,99,10,0,70,1,0,02,0,05,0,00,7,042
0006,079,0,0,02,20,00,10,1,70,3,0,02,0,05,0,00,7,061
0071,084,0,0,02,40,00,00,0,53,9,0,02,0,05,0,00,7,040
0001,083,3,0,03,40,30,00,1,53,0,0,03,6,01,0,00,7,040
0002,080,0,0,04,40,00,10,1,70,1,0,03,0,01,0,00,7,030
0008,066,0,0,02,40,30,10,0,70,1,0,02,6,01,0,00,7,0
0007,062,0,0,02,40,20,10,0,70,9,0,02,2,01,0,00,7,130
0021,071,0,0,03,10,00,00,1,10,9,0,02,0,01,0,00,1,0
0006,073,0,0,03,40,30,00,0,53,3,0,03,6,01,0,00,7,060
0000,083,3,0,02,30,20,00,0,52,1,0,02,2,05,0,00,7,045
0003,081,3,0,02,40,20,10,0,70,1,0,02,2,05,0,00,7,075
0000,083,0,0,02,40,99,10,0,70,9,0,02,0,01,0,00,7,0
0065,064,2,0,03,10,00,00,0,12,1,1,02,0,05,5,33,1,015
0002,083,3,0,02,40,10,00,0,53,1,0,02,1,02,0,00,7,070
0000,076,3,0,02,40,20,10,0,70,1,0,02,2,01,0,00,7,035
0002,083,0,0,03,40,20,00,0,53,1,0,03,2,01,3,00,7,0
0008,067,4,0,02,20,20,99,0,0,8,0,02,2,01,0,00,3,045
0002,074,0,0,02,99,10,10,1,70,1,0,02,1,02,0,00,7,112
0022,067,0,0,02,99,99,10,0,70,3,0,02,0,05,0,00,7,0
0030,078,3,0,03,10,00,00,0,12,3,0,03,0,02,5,33,1,010
0005,070,0,3,03,99,30,00,1,53,3,0,03,6,08,3,00,7,0
0024,072,0,0,04,10,00,00,0,12,3,0,04,0,05,0,21,1,010
0014,072,0,0,02,99,99,99,0,0,3,1,02,0,02,0,00,0,045
0001,076,0,0,03,40,20,10,0,70,1,0,03,2,01,0,00,7,045
0006,089,0,0,02,40,20,10,0,70,9,0,02,2,02,0,00,7,0
0017,083,3,3,02,20,20,00,1,52,3,0,02,2,02,5,33,3,045
0004,084,3,0,02,40,20,10,0,70,3,0,02,2,01,0,00,7,0
0000,054,3,0,02,99,20,00,0,52,2,0,02,2,05,0,00,3,996
0003,070,0,0,02,40,10,10,0,70,1,1,02,1,05,0,00,7,100
0001,083,0,0,03,99,10,10,0,70,9,0,03,8,01,0,00,7,0
0003,072,0,0,02,40,30,10,0,70,3,0,02,6,05,0,00,7,048
0000,082,0,0,03,40,30,10,0,70,1,0,03,6,01,0,00,7,047
0010,081,3,0,02,30,30,00,1,53,1,0,02,6,01,0,00,7,120
0035,068,3,0,02,10,20,00,1,52,1,0,02,2,05,0,00,3,020
0000,067,3,0,03,40,20,10,1,70,3,1,03,2,01,0,00,7,035
0000,081,3,0,02,40,20,10,0,70,9,1,02,2,05,0,00,7,0
0026,066,0,0,02,10,00,00,0,12,1,1,02,0,01,0,00,1,015
0002,086,2,0,01,40,20,10,1,70,1,1,00,2,05,0,00,7,045
0004,090,2,0,03,99,00,00,1,90,1,0,03,0,05,0,00,0,0
0061,084,0,0,04,10,00,00,1,12,1,0,04,0,01,0,00,1,014
0003,064,0,0,04,10,20,00,1,52,1,0,04,2,05,0,00,3,018
0008,060,3,0,03,40,20,00,0,53,1,1,02,2,05,5,33,3,020
0004,073,0,0,02,40,10,10,1,70,1,0,02,8,05,0,00,7,0
0061,064,2,0,02,20,00,00,0,15,1,0,02,0,08,5,21,1,055
0002,051,3,3,02,40,30,10,1,70,9,1,02,6,01,0,00,7,0
0028,076,3,0,03,20,20,00,1,52,1,0,02,2,02,0,00,3,035
0010,077,3,0,03,10,00,00,0,12,3,0,03,0,05,0,12,1,016
0022,076,2,0,03,10,10,00,0,32,1,0,03,1,05,5,33,3,028
0000,081,2,0,02,40,10,00,7,53,1,1,02,1,05,0,00,7,040
0028,079,0,0,02,40,30,10,0,70,1,0,02,6,01,0,00,7,026
0002,054,0,0,02,20,10,10,0,70,3,1,02,8,01,0,00,7,020
0065,082,1,0,02,10,00,00,0,12,1,0,02,0,05,5,33,1,020
0030,066,3,2,03,40,20,00,1,53,1,1,02,2,02,5,46,4,072
0000,088,0,0,03,40,30,10,0,70,9,0,03,6,02,0,21,7,0
0072,066,1,3,02,10,00,00,1,10,8,0,02,0,02,0,20,1,0
0018,061,0,0,03,99,99,99,0,0,9,0,03,0,01,0,00,0,0
0004,079,3,0,03,40,30,00,0,53,1,0,03,6,05,0,00,7,025
0063,056,0,0,02,10,00,00,0,12,1,0,02,0,05,0,21,1,012
0018,076,4,3,02,20,20,00,1,52,1,0,02,2,01,0,12,3,028
0004,061,3,0,02,40,20,10,1,70,1,1,02,2,05,0,00,7,040
0015,075,3,0,02,40,00,00,0,53,1,0,02,0,01,0,00,7,0
0020,061,3,0,02,10,30,00,8,53,1,1,02,6,05,0,00,7,022
0014,064,0,3,03,40,10,99,1,0,3,0,03,1,01,5,33,7,040
0010,067,2,0,02,10,00,00,0,12,1,1,02,0,02,4,21,1,016
0005,072,2,0,01,20,20,10,0,70,3,1,00,2,02,0,00,7,039
0005,066,0,0,02,40,20,00,0,53,1,0,02,2,02,4,00,7,024
0022,073,2,0,05,20,00,00,0,15,1,0,05,0,02,4,21,2,040
0018,069,0,0,02,40,20,10,0,70,1,1,02,2,01,0,00,7,997
0038,060,0,0,02,10,00,00,1,12,1,1,02,0,05,0,00,1,030
0052,085,3,0,04,20,00,00,0,15,2,0,04,0,02,0,21,2,020
0007,076,0,0,02,40,00,10,0,70,1,1,02,0,01,0,00,7,055
0006,057,0,0,02,20,20,00,0,52,3,1,02,2,01,0,00,4,028
0001,079,3,0,02,30,20,00,1,52,1,0,02,2,02,0,00,3,074
0067,089,2,3,03,12,00,00,1,10,0,0,03,0,02,0,24,1,003
0004,073,0,0,02,40,00,10,0,70,9,0,02,0,01,0,00,7,040
0035,076,2,0,02,20,10,00,0,33,1,0,02,1,01,5,55,3,130
0041,077,0,0,02,05,00,00,1,00,1,0,02,0,02,0,00,0,0
0006,082,0,0,02,99,00,10,0,70,9,0,02,0,01,0,00,7,0
0011,063,0,0,02,99,99,10,0,70,9,1,02,0,01,0,00,7,0
0002,067,4,0,02,40,20,10,1,70,1,0,02,2,01,0,00,7,035
0009,075,1,0,04,20,10,00,0,33,3,0,04,1,05,5,33,3,060
0003,080,0,0,01,40,20,10,1,70,1,1,00,2,01,0,00,7,040
0004,078,3,0,02,10,20,10,0,70,9,0,02,2,05,0,00,7,013
0008,082,2,0,01,20,00,10,1,70,3,1,00,0,05,0,00,7,050
0001,064,1,0,02,99,10,10,1,70,3,1,02,1,05,0,00,7,0
0012,079,0,0,01,40,30,10,0,70,1,1,00,6,05,0,00,7,025
0000,090,0,0,02,40,20,10,0,70,9,1,02,2,01,0,00,7,0
0001,055,2,0,02,99,20,10,0,70,1,0,02,2,01,0,00,7,048
0001,069,0,0,02,40,20,00,1,53,9,1,02,2,02,0,00,4,054
0005,077,3,0,07,40,00,00,1,53,1,0,07,0,02,0,00,7,052
0001,079,2,0,02,40,00,10,0,70,3,0,02,0,05,0,00,7,0
0005,086,2,0,03,10,00,00,1,12,3,0,03,0,02,0,00,1,026
0020,064,4,0,02,40,20,10,0,70,0,1,02,2,01,0,00,7,020
0012,063,0,0,02,20,00,00,1,15,1,0,02,0,01,0,00,1,040
0002,073,0,0,02,20,10,00,0,33,1,0,02,5,01,0,00,4,105
0010,061,0,0,02,40,00,10,1,70,3,1,02,0,02,0,00,7,050
0069,059,2,0,02,12,00,00,1,10,0,1,02,0,02,0,00,1,0
0025,072,2,0,02,20,10,10,0,70,9,0,02,1,01,0,00,7,040
0021,059,0,0,02,20,99,10,0,70,0,0,02,0,05,0,00,7,0
0016,083,0,0,02,20,10,10,1,70,3,0,02,1,02,0,00,3,045
0007,081,0,0,02,10,00,00,1,12,1,0,02,0,01,0,00,1,020
0040,071,0,0,03,40,20,00,1,53,1,0,02,2,01,0,00,4,090
0004,063,0,0,03,20,00,10,0,70,3,0,03,0,05,0,00,7,050
0006,052,4,0,02,99,10,10,1,70,1,0,02,1,01,0,00,7,080
0007,069,0,0,02,40,00,10,1,70,9,0,02,0,05,0,00,7,001
0001,082,0,0,03,40,30,10,0,70,9,0,03,6,01,0,00,7,0
0000,091,0,0,02,20,00,10,0,70,2,0,02,0,01,0,00,1,035
0002,090,3,0,03,40,10,10,0,70,1,0,03,1,02,0,00,7,050
0029,069,1,0,03,20,00,00,0,15,1,0,03,0,05,5,33,2,050
0018,066,3,0,02,10,99,00,1,0,2,0,02,0,05,0,00,1,010
0005,067,0,0,02,99,30,10,0,70,9,1,02,6,01,1,00,7,0
0039,058,3,0,08,99,00,00,1,90,1,0,06,0,05,0,00,0,018
0060,068,0,0,03,99,20,00,0,52,9,1,03,2,05,3,00,3,060
0013,070,0,0,04,99,20,99,0,0,9,0,04,2,05,0,00,3,0
0025,060,0,0,02,30,20,00,1,52,1,1,02,2,01,0,00,4,0
0010,074,0,0,04,20,20,00,1,52,3,0,04,2,02,0,00,4,026
0001,084,2,0,02,20,99,99,7,0,8,0,02,0,02,0,00,1,025
0000,080,3,0,02,40,20,00,1,53,3,1,02,2,01,0,00,7,023
0001,088,0,0,03,20,20,00,0,52,3,0,03,2,00,0,00,3,040
0008,075,2,0,02,20,20,00,8,52,1,0,02,2,11,5,33,4,036
0003,085,0,0,02,20,20,10,0,70,3,0,02,2,05,0,00,7,104
0000,075,3,0,03,40,30,10,0,70,9,0,03,6,05,0,00,7,0
0003,073,0,0,02,10,00,00,0,12,3,0,02,0,00,0,00,1,015
0007,061,0,0,02,99,20,10,0,70,1,0,02,2,01,0,00,7,0
0008,084,0,0,03,99,99,10,0,70,1,0,03,0,01,0,00,7,0
0000,074,2,0,02,10,20,10,1,70,3,0,02,2,01,0,00,7,030
0072,073,0,0,02,10,00,00,0,12,9,1,02,0,05,0,00,1,013
0001,088,3,0,02,20,20,10,0,70,0,0,02,2,01,5,00,7,040
0001,085,0,0,04,40,20,10,1,70,1,0,04,2,01,0,00,7,0
0002,078,3,0,02,20,20,10,0,70,0,0,02,2,01,0,00,7,0
0064,076,2,0,03,10,10,00,0,32,1,0,03,1,05,5,33,3,030
0015,056,0,0,02,20,20,10,0,70,1,1,02,2,01,0,00,7,083
0006,089,0,0,02,20,20,10,0,70,3,0,02,2,02,0,00,3,062
0021,075,3,0,02,99,20,10,1,70,3,1,02,2,01,0,00,7,004
0002,053,2,0,02,40,00,10,1,70,0,1,02,0,05,0,00,7,0
0049,060,0,0,03,40,00,00,0,53,9,0,03,0,05,0,00,7,0
0059,074,0,0,04,99,99,10,1,70,9,0,04,0,05,0,00,7,0
0012,073,0,0,03,99,00,10,1,70,2,0,03,0,01,0,00,1,025
0001,075,0,0,03,40,20,10,0,70,1,0,03,2,05,0,00,7,021
0000,078,0,0,02,40,20,10,0,70,1,0,02,2,00,0,00,7,0
0032,050,1,0,02,20,00,99,0,0,9,1,02,0,05,4,30,2,040
0013,056,3,0,02,99,20,00,1,52,1,1,02,2,11,0,00,3,070
0008,091,0,0,03,99,10,00,0,0,1,0,03,1,05,0,00,3,049
0039,065,0,0,02,99,00,10,1,70,9,0,02,0,01,0,00,7,0
0014,066,0,0,02,20,20,10,1,70,3,0,02,2,01,0,00,7,059
0049,077,1,0,02,20,00,00,0,15,2,0,02,0,05,4,45,2,015
0002,079,3,0,03,10,00,00,0,12,9,0,03,0,01,4,21,1,080
0035,084,2,0,03,99,99,99,0,0,3,0,03,0,02,0,00,0,0
0010,083,0,0,03,40,20,10,0,70,3,0,02,2,05,0,00,7,998
0043,074,3,0,02,40,20,00,1,53,9,0,02,2,05,0,00,4,067
0018,077,3,0,03,10,20,00,0,52,1,0,03,2,05,5,33,3,012
0012,070,0,0,03,40,20,10,0,70,2,0,03,2,01,0,00,7,037
0018,082,0,0,05,10,00,00,1,12,3,0,05,0,05,0,00,1,020
0014,085,3,0,02,40,20,00,0,53,9,0,02,2,02,0,00,4,070
0000,071,1,0,02,20,00,00,0,15,8,0,02,0,05,5,30,2,040
0037,073,4,0,02,10,00,00,0,12,1,0,02,0,01,5,33,1,029
0016,077,0,0,02,10,99,10,0,70,1,0,02,0,01,0,00,7,020
0036,063,1,0,02,20,00,00,0,15,2,0,02,0,05,5,33,1,090
0062,077,3,0,04,10,10,00,0,32,1,0,03,1,05,5,33,3,018
0008,081,0,0,02,40,20,00,0,53,3,0,02,2,01,0,00,7,086
0001,067,3,0,02,10,20,10,0,70,3,0,02,2,05,4,00,7,005
0033,070,2,0,03,10,00,00,0,12,2,1,02,0,05,5,33,1,012
0002,055,0,0,02,99,30,00,0,53,9,0,02,6,01,0,00,7,0
0015,050,0,0,03,20,00,00,0,15,3,0,03,0,05,5,33,1,070
0013,078,0,0,02,99,20,10,0,70,9,0,02,2,01,0,00,7,0
0011,084,3,3,02,20,10,00,1,33,3,0,02,1,02,5,33,4,055
0000,068,0,0,02,40,20,10,0,70,9,0,02,2,05,0,00,7,0
0000,066,0,0,02,20,99,10,1,70,0,0,02,0,05,0,00,7,060
0071,084,1,0,04,10,00,00,0,12,3,0,03,0,05,5,33,1,015
0008,075,2,0,02,40,20,10,0,70,1,1,02,2,05,0,00,7,0
0005,066,4,0,03,99,99,10,1,70,1,0,03,0,01,0,00,7,030
0009,079,2,0,02,40,00,10,1,70,1,0,02,0,05,0,00,7,037
0029,087,3,0,03,10,00,00,1,12,1,0,03,0,02,0,00,1,018
0000,076,3,0,02,40,20,10,0,70,3,0,02,2,05,0,00,7,038
0065,081,2,0,02,20,00,00,0,15,3,0,02,0,05,3,30,1,035
0065,082,0,0,02,20,00,00,0,15,3,0,02,0,05,5,33,2,025
0024,094,2,0,02,20,00,00,1,15,1,0,02,0,05,0,00,1,043
0004,062,3,0,02,40,20,10,1,70,3,1,02,2,02,0,00,7,0
0003,082,3,0,03,20,20,10,1,70,1,0,03,2,02,0,00,7,038
0016,078,1,0,03,10,10,00,0,32,1,0,03,1,05,5,33,3,018
0011,051,3,3,02,99,20,10,1,70,1,1,02,2,05,3,00,7,0
0001,081,0,0,03,00,20,10,1,70,9,0,03,2,01,0,00,7,000
0021,084,2,0,02,30,00,00,1,50,3,0,02,0,02,0,00,2,0
0031,075,3,0,02,10,00,00,0,12,1,0,02,0,05,5,33,1,008
0018,083,0,0,02,20,00,00,1,15,9,0,02,0,01,0,00,2,014
0051,077,3,0,03,20,20,00,0,52,1,0,03,2,02,3,00,3,100
0010,077,3,0,02,10,00,00,1,12,1,0,02,0,11,0,00,1,028
0020,083,0,0,02,10,00,00,1,12,3,0,02,0,11,0,00,1,023
0003,075,3,0,03,10,00,10,1,70,1,0,03,0,05,0,00,7,030
0003,086,0,0,04,99,99,10,0,70,9,0,04,0,01,0,00,7,0
0011,065,4,0,02,99,20,00,0,52,0,1,02,2,01,0,00,3,0
0004,076,0,0,03,20,00,10,1,70,1,0,03,0,05,0,00,7,037
0029,079,3,0,02,20,20,00,1,52,1,0,02,2,01,0,00,3,060
0042,060,2,0,02,20,10,00,0,33,1,0,02,1,01,5,45,4,020
0015,070,2,0,03,20,10,00,0,33,8,0,03,1,02,5,45,3,055
0014,073,3,0,02,40,20,10,0,70,0,1,02,2,01,0,00,7,030
0042,067,2,0,04,10,00,00,0,12,3,0,02,0,05,5,33,1,025
0042,067,1,0,04,10,00,00,0,12,1,0,03,0,05,0,21,1,012
0023,068,0,0,04,99,99,99,0,0,9,0,04,0,05,0,21,0,0
0039,085,2,0,02,20,00,00,1,15,1,0,02,0,02,0,00,1,045
0033,083,0,0,04,20,00,00,1,15,3,0,04,0,05,0,00,1,044
0017,074,0,0,02,20,30,10,1,70,2,0,02,6,05,0,00,7,034
0025,086,0,0,02,88,88,88,0,88,2,1,02,0,05,0,00,0,0
0005,085,2,0,02,99,00,10,0,70,9,0,02,0,05,0,00,7,023
0001,076,3,0,02,40,10,10,1,70,1,0,02,1,05,0,00,7,0
0013,086,2,0,03,10,00,00,0,12,1,1,02,0,02,0,00,1,023
0013,086,0,0,03,10,00,00,0,12,1,0,03,0,02,0,00,1,019
0000,077,0,0,02,99,99,99,0,0,9,0,02,0,00,0,00,0,0
0003,071,0,0,02,30,00,00,1,33,1,0,02,0,02,0,00,2,047
0005,083,0,0,02,20,20,10,0,70,1,0,02,2,01,0,00,7,100
0013,086,0,0,05,10,00,00,1,12,1,0,04,0,05,0,00,1,030
0003,079,0,0,02,99,00,10,0,70,3,1,02,0,02,0,00,7,059
0025,084,2,0,02,12,00,00,1,10,0,0,02,0,02,0,00,1,0
0003,062,2,3,02,20,20,00,1,52,1,1,02,2,05,4,33,3,047
0000,071,2,0,03,10,00,00,0,12,1,0,02,0,05,0,00,1,016
0026,076,3,3,02,10,23,00,1,72,1,0,02,4,02,4,00,3,0
0023,075,2,0,01,20,00,00,0,15,1,1,00,0,05,5,33,1,042
0016,088,0,0,04,99,99,99,1,0,1,0,04,0,01,0,00,0,040
0000,078,4,0,02,10,20,10,0,70,3,0,02,2,01,0,00,7,016
0004,089,2,0,02,99,99,99,0,0,2,0,02,0,05,0,00,0,0
0001,079,0,0,02,40,30,00,0,53,9,0,02,6,05,0,00,7,0
0000,077,0,0,03,40,00,10,0,70,3,0,03,0,01,0,00,7,057
0063,088,0,0,04,10,99,00,1,0,1,0,03,0,02,0,00,1,016
0000,083,4,0,02,40,99,10,0,70,1,1,02,0,01,0,00,7,015
0002,086,4,0,02,40,20,10,0,70,3,0,02,2,01,0,00,7,030
0001,080,2,3,02,20,00,10,1,70,3,0,02,0,02,4,45,7,015
0015,044,0,0,02,40,00,10,0,70,9,0,02,0,05,0,21,7,998
0000,092,0,0,02,40,10,10,0,70,9,0,02,8,01,0,00,7,0
0048,077,2,0,03,10,00,00,0,12,1,0,03,0,05,5,33,1,019
0010,067,0,0,04,99,99,10,1,70,1,0,04,0,05,0,00,7,0
0008,086,3,0,02,40,00,00,1,53,1,0,02,0,11,0,00,7,0
0006,073,0,0,02,40,20,10,1,70,0,0,02,2,01,0,00,7,0
0019,059,0,0,02,30,00,10,0,70,9,0,02,0,02,0,00,7,0
0008,073,2,0,02,40,00,00,7,53,3,1,02,0,05,4,30,2,058
0007,073,0,0,02,20,20,10,1,70,1,0,02,2,05,0,00,7,035
0000,081,0,0,02,40,20,00,0,53,9,0,02,2,01,0,00,7,0
0000,081,3,0,02,99,10,00,0,0,9,0,02,5,05,0,00,3,0
0010,088,0,0,03,40,00,00,0,53,3,0,03,0,00,0,00,7,060
0015,074,0,0,03,20,20,10,0,70,9,0,03,2,01,0,00,7,0
0004,042,3,0,02,40,10,10,1,70,0,0,02,1,01,0,00,7,036
0003,087,0,0,02,40,10,10,0,70,9,0,02,1,00,0,00,7,036
0071,069,3,0,02,10,00,00,0,12,1,1,02,0,05,5,33,1,034
0005,087,0,0,03,40,00,10,1,70,1,0,02,0,05,0,00,7,062
0070,061,0,0,02,20,22,00,1,72,1,1,02,2,02,0,00,3,050
0011,070,1,0,02,10,20,00,1,52,1,0,02,2,02,0,00,3,018
0016,081,0,0,03,99,99,00,1,0,1,0,03,0,05,0,00,1,0
0000,093,0,0,02,40,30,10,0,70,9,0,02,6,05,0,00,7,054
0016,072,0,0,02,99,99,99,0,0,1,0,02,0,01,0,00,0,035
0021,080,2,0,02,20,00,00,0,15,3,0,02,0,08,5,33,1,035
0001,076,0,0,02,20,20,10,0,70,3,1,02,2,01,0,00,7,032
0012,058,2,0,03,40,20,10,0,70,3,1,03,2,05,0,00,7,056
0000,067,0,0,02,40,10,99,7,0,9,0,02,5,01,0,00,7,0
0013,077,0,0,02,10,99,00,0,0,3,1,02,0,01,0,00,1,011
0013,080,2,0,06,20,00,00,0,15,3,0,04,0,02,4,21,2,020
0013,080,1,0,06,20,00,00,0,15,1,0,05,0,05,4,22,2,020
0013,080,4,0,06,99,00,00,0,90,3,0,06,0,01,0,00,1,0
0001,098,2,0,02,99,20,10,0,70,9,0,02,2,02,0,00,7,0
0004,089,0,0,02,20,00,00,0,15,3,0,02,0,01,0,00,1,050
0018,047,3,0,02,40,20,10,1,70,0,1,02,2,01,0,00,7,060
0003,072,4,0,03,40,20,10,0,70,3,0,03,2,01,0,00,7,040
0009,074,0,0,02,40,20,10,0,70,1,0,02,2,01,0,00,7,0
0001,073,1,0,02,88,88,88,0,88,2,1,02,2,05,0,00,7,034
0066,070,0,0,03,99,00,00,0,90,1,0,02,0,01,5,30,0,0
0011,069,3,0,03,40,30,00,0,53,9,0,03,6,01,0,00,7,0
0003,069,0,0,02,10,00,10,1,70,1,0,02,0,01,0,00,7,027
0008,080,1,0,03,10,00,00,0,12,3,0,02,0,05,5,22,1,015
0005,080,0,0,03,88,88,88,0,88,3,0,03,0,05,5,22,1,006
0023,076,0,0,02,10,20,10,0,70,3,0,02,2,01,0,00,7,020
0031,076,3,0,02,10,00,00,0,12,1,0,02,0,05,4,45,1,070
0003,075,0,0,02,99,00,10,1,70,3,0,02,0,01,0,00,7,010
0006,077,0,0,03,40,00,00,0,53,9,0,03,0,01,0,00,7,013
0005,085,2,0,02,40,00,10,0,70,2,1,02,0,05,0,00,7,025
0008,068,4,0,02,40,20,00,0,53,0,0,02,2,01,0,00,4,0
0001,085,0,0,02,40,99,10,1,70,9,0,02,0,01,0,00,7,045
0000,077,0,0,02,99,20,10,1,70,1,0,02,2,05,0,00,7,008
0001,079,0,0,02,10,20,10,1,70,3,0,02,2,05,0,00,7,028
0001,089,3,0,02,40,20,00,0,53,1,0,02,2,01,0,00,7,044
0066,074,3,0,03,10,00,00,0,12,1,0,03,0,01,7,21,1,015
0007,075,3,0,02,20,20,10,0,70,1,0,02,2,02,0,00,7,0
0024,066,3,3,03,20,20,00,1,52,1,0,03,2,02,5,00,3,043
0012,092,4,0,02,99,00,00,1,90,0,0,02,0,01,0,00,1,0
0000,077,0,0,02,40,20,10,0,70,3,0,02,2,01,0,00,7,0
0000,074,0,0,02,40,20,00,1,53,1,0,02,2,01,0,00,7,035
0066,055,1,0,02,10,00,00,0,12,1,1,02,0,05,4,33,1,020
0016,069,3,0,02,99,00,00,0,90,1,0,02,0,05,0,00,0,0
0000,066,0,0,01,40,99,10,0,70,9,1,00,0,01,0,00,7,100
0004,086,0,0,03,40,00,00,0,53,1,0,03,0,02,5,00,2,0
0003,069,3,0,03,40,00,00,0,53,1,0,03,0,01,0,21,2,057
0007,054,0,0,02,40,20,10,1,70,1,0,02,2,01,0,00,7,0
0016,070,3,0,02,20,20,00,0,52,1,0,02,2,05,5,33,3,036
0012,065,2,0,02,40,00,10,1,70,1,0,02,0,02,0,00,7,0
0032,073,1,0,03,10,00,00,0,12,1,0,03,0,05,5,33,1,028
0063,075,0,0,02,99,99,00,0,0,9,0,02,0,02,0,00,0,0
0002,080,2,0,04,20,10,00,1,33,3,0,04,1,02,0,00,4,040
0012,077,2,0,03,40,10,00,0,53,3,0,02,1,01,4,30,3,016
0011,077,0,0,03,40,10,00,0,53,3,0,03,1,05,5,45,3,016
0001,078,2,0,04,99,99,10,1,70,9,0,04,0,05,0,00,7,0
0009,075,0,0,02,20,20,10,0,70,3,0,02,2,05,0,00,7,045
0016,075,3,0,02,99,00,00,0,90,1,0,02,0,02,0,00,1,0
0010,053,0,0,02,10,00,10,0,70,9,0,02,0,01,0,00,1,018
0055,055,3,0,02,10,10,00,0,32,3,1,02,1,10,0,30,3,016
0004,086,0,0,05,40,00,00,0,53,1,0,05,0,00,0,00,1,017
0004,065,0,0,03,99,99,10,0,70,1,0,03,0,05,0,00,7,0
0012,067,3,0,03,30,00,00,0,50,0,0,02,0,05,0,60,2,016
0024,082,0,0,04,88,88,88,0,88,1,0,04,0,05,0,00,1,0
0055,080,2,0,07,10,00,00,0,12,3,0,06,0,02,5,00,1,025
0004,080,0,0,04,40,30,10,1,70,1,0,04,6,01,0,00,7,033
0043,076,0,0,01,99,10,10,0,70,1,1,00,1,01,0,00,7,0
0029,069,2,0,03,10,00,10,0,70,1,0,03,0,05,0,00,7,028
0064,079,1,0,02,20,00,00,0,15,1,0,02,0,05,4,90,1,040
0047,074,1,0,04,20,00,00,0,15,1,0,04,0,05,5,21,2,025
0012,067,4,0,02,40,30,00,0,53,3,0,02,6,01,0,00,7,015
0022,079,2,0,03,20,20,00,1,52,3,0,02,2,05,0,00,4,027
0000,083,4,0,05,99,30,10,0,70,9,0,05,6,01,0,00,7,052
0005,067,0,0,02,40,20,10,1,70,3,0,02,2,02,0,00,7,130
0007,063,1,0,02,20,20,10,1,70,2,0,02,2,05,0,00,7,0
0000,077,0,0,01,40,00,10,0,70,1,1,00,0,05,0,00,7,0
0026,073,1,0,02,99,99,10,0,70,3,0,02,0,05,0,00,7,0
0000,084,0,0,01,10,20,10,0,70,1,1,00,2,05,0,00,7,025
0000,077,0,0,03,30,00,10,1,70,1,0,03,0,05,0,00,7,0
0026,064,2,0,02,99,30,00,0,53,2,0,02,6,05,0,00,7,050
0049,077,1,3,04,15,00,00,1,10,0,0,02,0,02,0,28,1,0
0008,091,3,0,02,10,00,00,0,12,1,0,02,0,02,4,21,1,015
0028,070,3,0,02,10,00,00,1,12,1,0,02,0,01,0,00,1,020
0001,057,0,0,01,40,20,00,0,53,3,1,00,2,01,0,00,7,088
0000,083,0,0,03,40,00,10,0,70,9,0,03,0,05,0,00,7,0
0000,085,0,0,03,99,99,10,0,70,9,0,03,0,01,0,00,7,0
0029,071,0,0,04,10,00,00,1,12,2,0,04,0,05,0,00,1,016
0030,071,0,0,03,30,00,00,0,33,3,0,03,0,01,0,21,7,030
0002,076,0,0,04,99,99,10,0,70,9,0,04,0,01,0,00,7,0
0014,086,0,0,03,40,20,00,1,53,3,0,03,2,02,0,00,7,051
0002,090,0,0,02,40,00,00,0,53,9,0,02,0,05,0,00,7,0
0010,061,0,0,03,99,00,10,1,70,2,0,03,0,01,0,00,7,0
0067,084,2,0,02,10,00,00,0,12,3,0,02,0,02,5,33,1,013
0033,081,4,0,05,20,10,00,0,33,3,0,05,1,02,5,30,3,050
0035,067,2,0,02,20,20,00,0,52,3,0,02,2,08,5,33,4,035
0004,070,0,0,03,40,20,10,0,70,1,0,03,2,01,0,00,7,997
0028,069,0,0,03,20,10,00,0,33,3,0,03,1,05,5,56,3,036
0035,053,0,3,02,10,30,00,1,53,1,1,02,6,05,4,00,7,020
0004,071,0,0,02,99,30,10,1,70,3,0,02,6,05,0,00,7,021
0066,044,2,0,02,10,00,00,1,10,1,1,02,0,02,0,00,1,0
0015,073,2,0,04,40,20,10,1,70,1,0,04,2,05,0,00,7,050
0000,074,3,0,02,40,20,10,0,70,9,0,02,2,01,0,00,7,0
0004,078,3,0,02,40,20,00,1,53,3,0,02,2,02,0,00,4,070
0052,081,2,0,02,20,00,10,0,70,1,0,02,0,05,5,33,7,033
0002,077,0,0,04,30,30,10,1,70,3,0,03,6,01,0,00,7,064
0002,092,0,0,02,40,20,10,0,70,9,0,02,2,00,0,00,3,0
0002,079,0,0,02,99,99,10,1,70,9,0,02,0,01,0,00,7,0
0002,082,0,0,03,99,99,99,0,0,3,0,03,0,01,0,00,0,0
0007,077,0,0,04,20,20,10,0,70,3,0,04,2,01,0,00,7,055
0027,059,0,3,02,99,20,10,1,70,9,1,02,2,01,4,00,7,0
0004,076,0,0,03,40,20,10,0,70,9,0,03,2,01,0,00,7,022
0004,063,2,0,03,20,00,10,0,70,3,0,03,0,02,0,0,7,058
0023,082,3,0,02,20,20,00,1,52,3,0,02,2,00,0,00,3,058
0002,091,0,0,02,99,00,00,1,90,1,0,02,0,01,0,00,0,040
0002,060,0,0,02,40,00,00,0,53,1,1,02,0,01,0,00,2,033
0004,085,3,0,02,10,00,00,0,12,3,1,02,0,05,4,45,1,010
0008,068,1,0,01,99,99,99,0,0,1,1,00,0,01,0,00,0,0
0063,070,2,0,02,40,00,00,0,53,1,0,02,0,05,5,33,1,018
0033,081,3,3,02,20,00,00,1,15,1,0,02,0,11,5,33,2,048
0006,067,4,0,02,30,30,10,0,70,1,0,02,6,01,0,00,7,080
0022,061,2,0,02,10,00,00,0,12,1,0,02,0,05,5,33,1,010
0007,083,3,0,02,99,99,00,1,0,3,0,02,0,05,0,00,0,050
0036,072,4,0,04,99,10,10,0,70,1,0,04,1,01,0,00,7,037
0008,060,3,0,03,20,20,10,1,70,3,0,03,2,05,0,00,7,035
0001,088,3,0,03,40,20,10,0,70,1,0,03,2,01,0,00,7,050
0004,069,2,0,02,20,00,00,0,15,3,0,02,0,05,5,33,2,040
0014,079,0,0,02,20,99,99,0,0,3,0,02,0,00,0,00,1,041
0019,077,0,0,02,30,20,10,0,70,1,0,02,2,01,0,00,7,0
0007,081,3,0,02,20,20,00,0,52,3,0,02,2,21,5,33,3,070
0025,079,0,0,04,10,00,00,0,12,3,0,03,0,05,0,21,1,013
0024,078,0,3,03,88,88,88,4,88,9,0,03,0,02,0,25,1,020
0007,077,0,0,03,99,20,10,1,70,9,0,03,2,05,0,00,7,0
0000,084,3,0,03,40,20,00,0,53,1,1,03,2,02,4,00,7,0
0004,076,3,0,03,30,10,00,0,50,1,0,03,1,02,0,00,3,020
0002,070,0,3,02,40,20,10,1,70,1,0,02,2,01,0,00,7,055
0002,081,0,0,02,99,99,10,0,70,1,0,02,0,05,0,00,7,085
0023,071,1,0,02,40,00,00,0,53,1,1,02,0,05,5,20,1,018
0000,078,0,0,02,40,30,00,0,53,1,1,02,6,05,0,00,7,0
0055,069,3,0,02,10,20,00,1,52,1,0,02,2,05,0,00,3,015
0004,084,3,0,02,10,20,00,0,52,1,0,02,2,02,5,33,3,020
0008,061,3,0,05,30,10,10,0,70,1,0,05,1,05,4,00,7,069
0072,062,2,0,03,10,00,00,0,12,1,0,02,0,05,5,33,1,020
0039,065,3,0,03,30,00,00,0,50,1,0,03,0,02,5,40,2,042
0050,079,2,0,02,20,10,00,0,33,1,0,02,1,05,5,33,3,040
0005,074,3,0,02,99,99,10,0,70,3,0,02,0,01,0,00,7,0
0001,085,0,0,03,30,00,99,0,0,1,0,03,0,05,0,00,2,0
0001,079,0,0,03,40,00,00,0,53,1,0,03,0,00,0,00,7,050
0059,077,0,0,03,10,00,00,1,12,3,0,03,0,05,0,00,1,015
0010,075,3,0,03,99,99,99,0,0,3,0,03,0,01,0,00,0,0
0011,085,3,0,02,20,20,10,1,70,1,0,02,2,01,0,00,7,055
0032,069,3,0,02,20,00,00,0,15,3,0,02,0,02,3,33,1,040
0004,068,3,0,02,40,10,10,0,70,9,0,02,1,01,0,00,7,019
0003,083,0,0,02,99,99,99,1,0,3,0,02,0,01,0,00,0,0
0003,065,4,0,03,40,20,00,0,53,9,0,03,2,01,0,00,7,0
0009,085,2,0,02,20,00,00,0,15,3,0,02,0,05,5,30,2,140
0047,086,0,0,02,40,00,00,0,53,1,0,02,0,01,0,00,7,035
0025,059,4,0,02,99,20,10,1,70,9,0,02,2,01,0,00,7,0
0037,087,0,0,02,10,00,00,0,12,1,0,02,0,05,0,00,1,021
0000,087,0,0,02,20,00,10,0,70,1,0,02,0,01,0,00,7,032
0018,072,2,0,02,20,30,00,1,53,2,0,02,6,05,0,00,7,935
0015,062,0,0,02,40,30,00,1,53,1,0,02,6,05,0,0,7,019
0002,066,0,0,02,99,20,10,0,70,0,0,02,2,05,0,00,7,0
0021,060,4,0,02,40,20,00,1,53,9,0,02,2,01,0,00,7,0
0021,081,3,0,03,20,00,00,0,15,1,0,02,0,02,4,30,2,040
0011,089,0,0,02,40,00,00,1,53,0,0,02,0,02,0,00,2,0
0020,066,0,2,02,40,20,00,1,53,3,0,02,2,02,5,21,4,055
0013,073,0,0,04,10,20,10,0,70,3,0,04,2,05,0,00,7,011
0006,083,3,0,01,20,30,10,0,70,1,1,00,6,05,0,00,7,062
0006,069,0,0,02,40,20,00,1,53,3,0,02,2,05,0,00,7,997
0013,079,0,0,03,20,20,00,0,52,1,0,03,2,02,0,00,3,035
0007,078,3,0,02,40,10,10,0,70,3,0,02,1,02,0,00,7,032
0014,078,0,0,06,20,00,00,0,15,1,0,05,0,00,0,12,2,035
0014,078,0,0,06,20,00,00,0,15,1,0,06,0,01,0,00,2,012
0003,082,3,0,03,99,00,99,0,0,1,0,03,0,11,0,00,0,0
0012,074,0,0,05,10,00,10,1,70,1,0,04,0,05,0,00,7,020
0005,083,0,0,02,40,99,10,0,70,1,1,02,0,05,0,00,7,067
0056,086,0,0,02,10,20,00,1,52,3,0,02,2,05,0,00,3,030
0001,087,0,0,02,40,20,10,0,70,9,1,02,2,01,0,00,7,0
0002,072,0,0,03,40,00,10,0,70,1,0,03,0,05,0,00,7,0
0015,079,0,0,02,99,00,10,0,70,1,0,02,0,02,0,00,7,0
0009,079,3,0,05,20,00,00,0,15,3,0,05,0,05,4,30,2,020
0012,076,3,0,03,40,20,10,1,70,9,0,03,2,05,0,00,7,0
0019,074,4,0,02,20,00,00,1,15,3,1,02,0,01,0,00,2,027
0032,058,3,0,03,20,00,00,0,15,3,0,03,0,05,5,22,1,040
0042,073,0,0,04,10,20,00,0,52,1,0,04,2,01,4,00,3,028
0026,072,1,0,02,99,00,10,0,70,1,0,02,0,05,0,00,1,0
0033,077,0,0,03,10,00,00,1,12,2,0,03,0,05,0,00,1,015
0019,065,1,0,02,20,10,00,0,33,3,0,02,1,05,5,55,3,055
0003,083,0,0,02,40,99,99,0,0,3,0,02,0,02,0,00,7,0
0006,083,3,0,02,40,20,10,1,70,1,0,02,2,02,0,00,4,0
0013,076,2,0,02,20,00,10,0,70,9,0,02,0,02,0,00,7,040
0005,058,2,0,04,40,20,10,0,70,3,1,04,2,05,0,00,7,075
0006,087,0,0,02,40,00,00,0,53,9,0,02,0,05,0,00,7,0
0007,079,0,0,02,40,00,00,1,53,1,0,02,0,02,0,00,1,022
0050,082,3,0,03,10,00,00,0,12,1,0,02,0,02,5,33,1,025
0030,084,3,0,03,10,00,00,0,12,3,0,03,0,02,0,21,1,021
0000,082,0,0,02,40,30,10,0,70,1,0,02,6,01,0,00,7,071
0011,078,0,0,03,10,00,00,0,12,1,0,03,0,01,0,21,1,010
0011,083,0,0,03,40,00,00,0,53,9,0,03,0,05,0,00,7,0
0003,084,1,0,05,40,20,10,1,70,3,0,04,2,05,0,00,7,044
0006,084,0,0,02,20,20,00,0,52,1,0,02,2,01,0,00,3,049
0000,081,2,0,02,99,00,10,0,70,9,0,02,0,05,0,00,7,0
0000,085,0,0,02,40,99,00,0,53,1,0,02,0,05,0,00,7,0
0000,073,1,0,03,40,00,00,0,53,3,0,03,0,05,5,45,1,025
0063,088,1,0,02,99,00,00,0,90,3,0,02,0,05,0,00,0,0
0002,069,2,0,02,40,20,00,1,53,0,0,02,2,02,0,00,4,0
0011,091,1,0,03,40,20,10,0,70,1,0,03,2,05,0,00,7,032
0052,073,2,0,02,40,00,00,0,53,1,0,02,0,05,5,22,1,037
0070,077,2,0,05,20,00,00,0,15,1,0,04,0,05,5,33,2,043
0063,075,3,0,03,10,00,00,0,12,3,0,03,0,02,5,33,1,020
0001,085,4,0,02,40,20,00,0,53,9,0,02,2,01,0,00,7,0
0017,072,0,0,02,40,20,00,0,53,9,0,02,2,05,0,00,7,0
0002,079,3,0,03,20,00,10,0,70,9,0,03,0,05,0,00,7,031
0001,090,0,0,02,40,30,10,0,70,1,0,02,6,01,0,00,7,030
0006,079,0,0,03,99,20,10,0,70,9,0,03,2,05,0,00,7,0
0069,083,0,0,02,20,00,00,1,30,2,0,02,0,02,0,00,1,0
0003,079,0,0,02,20,00,00,1,15,1,0,02,0,02,0,00,2,0
0067,074,2,0,05,10,00,00,0,12,3,0,03,0,05,4,33,1,015
0067,074,1,0,05,10,00,00,0,12,3,0,04,0,05,4,33,1,028
0000,086,1,0,02,99,99,00,0,0,1,0,02,0,02,0,00,0,0
0030,087,0,0,02,10,00,00,1,12,3,0,02,0,02,0,00,1,029
0000,085,3,0,02,30,99,10,0,70,1,0,02,0,02,0,00,7,077
0004,080,3,0,03,20,20,00,1,52,1,0,03,2,01,0,00,3,050
0004,087,3,0,02,99,99,10,0,70,1,0,02,0,05,0,00,1,0
0008,080,3,0,03,20,00,00,0,15,1,0,03,0,02,5,33,1,040
0026,076,4,0,02,20,00,00,0,15,2,0,02,0,01,5,33,1,060
0024,083,3,0,04,99,99,99,0,0,9,0,04,0,01,0,00,0,036
0001,081,4,0,03,40,20,10,0,70,9,0,03,2,01,0,00,7,0
0048,078,1,0,03,99,20,00,1,52,1,0,03,2,05,0,00,3,0
0000,087,0,0,02,40,00,10,0,70,9,0,02,0,05,0,00,7,0
0066,070,2,0,03,10,00,10,0,70,3,0,03,0,05,0,00,7,020
0010,076,2,3,02,40,20,00,1,53,1,0,02,2,02,4,00,7,0
0009,079,0,0,02,40,20,10,1,70,3,0,02,2,01,0,00,7,017
0002,079,0,0,02,99,20,10,1,70,3,0,02,2,01,0,00,7,0
0058,080,3,0,03,20,00,00,0,15,1,0,03,0,02,4,33,1,040
0025,072,4,0,02,10,00,00,0,12,3,0,02,0,01,5,33,1,021
0064,071,3,0,03,10,00,00,0,12,3,0,03,0,05,4,33,1,001
0013,072,3,0,02,99,20,00,1,52,1,0,02,2,02,0,00,3,0
0001,080,0,0,03,40,20,10,0,70,2,0,02,2,08,0,00,7,0
0001,081,0,0,02,40,30,00,7,53,3,0,02,6,01,0,00,7,065
0002,084,0,0,02,99,20,10,1,70,1,0,02,2,02,0,00,7,061
0000,075,0,0,02,30,20,10,0,70,3,0,02,2,01,0,00,7,055
0032,045,0,4,02,40,20,00,1,53,1,0,02,2,05,5,33,4,035
0008,081,0,0,02,10,00,00,1,12,3,0,02,0,02,0,00,1,030
0059,067,2,0,03,20,10,00,0,33,1,0,03,1,02,5,56,4,030
0048,085,2,0,02,30,00,00,1,33,3,0,02,0,02,0,00,7,040
0002,085,0,0,03,30,20,10,1,70,1,0,03,2,05,0,00,7,039
0026,090,0,0,03,20,00,00,1,15,1,0,03,0,02,0,00,2,037
0057,055,3,3,03,99,20,00,1,52,9,1,03,2,05,4,00,3,0
0018,076,0,0,03,00,99,10,1,70,9,0,03,0,05,0,00,7,000
0000,088,0,0,02,40,10,10,7,70,9,0,02,8,02,0,00,7,042
0017,059,3,0,02,40,20,00,1,53,0,1,02,2,05,0,00,4,0
0000,077,3,0,02,99,10,00,0,0,3,0,02,1,01,0,00,3,0
0011,073,4,0,05,10,20,00,0,52,1,0,05,2,01,3,33,3,025
0035,083,0,0,03,40,99,10,0,70,1,0,03,0,05,0,00,7,015
0011,076,2,0,02,40,20,00,1,53,9,1,02,2,02,0,00,7,0
0004,078,3,0,02,40,20,10,1,70,3,0,02,2,01,0,00,7,066
0003,087,0,0,02,20,00,00,0,15,1,1,02,0,02,5,33,1,035
0003,083,0,0,02,99,00,10,1,70,1,0,02,0,01,0,00,7,0
0001,080,3,0,02,40,99,10,1,70,1,0,02,0,01,0,00,7,030
0005,079,3,0,02,20,20,00,1,52,3,0,02,2,02,0,00,4,032
0005,080,0,0,03,99,00,10,0,70,1,0,03,0,01,0,00,7,025
0001,073,0,0,02,40,20,10,0,70,1,0,02,2,05,0,00,7,050
0004,059,2,0,02,10,00,00,0,12,2,0,02,0,02,4,33,1,020
0027,075,3,0,02,20,00,00,1,15,3,0,02,0,05,0,00,2,050
0017,060,0,3,02,88,88,88,1,88,0,0,02,0,36,0,30,7,074
0004,079,3,0,02,40,00,10,0,70,1,1,02,0,05,0,00,7,035
0007,058,3,0,03,40,20,10,0,70,1,0,03,2,02,0,00,7,050
0020,057,0,0,02,10,20,00,1,52,1,0,02,2,05,0,00,3,025
0054,090,0,0,03,99,99,99,0,0,3,0,03,0,02,0,00,0,0
0016,075,3,0,03,20,00,00,0,15,1,0,03,0,02,0,21,2,028
0007,075,2,0,02,10,10,99,0,0,1,0,02,1,05,5,33,3,030
0004,083,3,0,03,40,30,00,1,53,1,0,03,6,05,0,00,7,067
0003,051,0,0,02,99,99,00,5,0,3,0,02,0,01,0,00,1,0
0059,071,2,0,03,20,00,00,0,15,3,0,02,0,05,5,33,2,035
0000,084,4,0,02,20,30,10,7,70,3,0,02,6,01,0,00,7,045
0021,083,0,0,02,10,99,10,0,70,9,0,02,0,02,0,00,7,028
0030,062,3,0,02,40,30,00,1,53,1,1,02,6,05,0,00,7,030
0051,077,0,0,04,10,00,00,1,12,1,0,04,0,05,0,00,1,012
0002,059,3,0,03,40,20,10,0,70,1,0,03,2,05,0,00,7,031
0023,083,0,0,02,20,30,00,0,53,1,0,02,6,01,0,00,7,035
0022,085,2,0,04,40,30,00,1,53,3,0,04,6,05,0,00,7,047
0002,061,0,0,04,88,88,88,0,88,2,0,04,0,30,0,00,2,0
0001,085,2,0,02,20,00,00,0,15,1,0,02,0,02,4,30,1,040
0002,069,4,0,02,40,20,10,0,70,1,0,02,2,05,0,00,7,120
0022,058,3,0,02,30,00,00,0,50,1,0,02,0,02,5,41,1,035
0001,080,2,0,02,40,00,10,1,70,3,0,02,0,02,0,00,7,0
0031,055,3,0,03,10,00,00,0,12,1,0,03,0,01,0,30,1,020
0037,054,0,0,02,40,20,00,1,53,3,0,02,2,01,0,00,4,0
0025,080,0,0,03,40,00,00,0,53,1,0,03,0,02,0,00,7,059
0003,044,0,0,02,40,20,10,1,70,1,1,02,2,05,0,00,7,097
0038,043,2,0,03,10,00,00,0,12,3,0,03,0,05,4,21,1,003
0000,084,0,0,02,20,00,10,1,70,1,0,02,0,01,0,00,7,070
0054,085,2,0,02,20,00,00,0,15,1,0,02,0,10,5,33,2,030
0010,077,2,0,02,10,00,00,0,12,2,0,02,0,05,4,30,1,029
0035,078,1,0,06,20,00,00,0,15,1,0,03,0,05,5,33,1,032
0001,089,0,0,02,40,10,10,0,70,1,0,02,1,00,0,00,7,038
0002,085,0,0,02,30,00,00,0,33,1,0,02,0,02,0,00,1,068
0019,066,0,0,02,40,20,00,0,53,1,0,02,2,05,0,00,3,045
0072,074,1,0,02,10,00,00,0,12,1,0,02,0,05,5,33,1,015
0032,069,0,3,05,10,20,00,1,52,3,0,03,2,05,4,00,3,027
0006,071,0,0,02,99,30,10,0,70,9,0,02,6,01,0,00,7,0
0009,059,0,0,02,30,20,10,0,70,1,0,02,2,01,0,00,7,030
0002,080,0,0,02,40,20,10,0,70,3,0,02,2,05,3,00,7,020
0009,076,2,0,03,20,20,00,1,52,3,0,03,2,02,0,00,3,065
0005,076,3,0,03,20,00,00,0,15,1,0,03,0,11,5,33,1,071
0000,073,4,0,02,40,20,10,0,70,1,0,02,2,01,0,00,7,050
0004,087,0,0,02,99,20,10,0,70,3,0,02,2,01,0,00,7,0
0003,079,2,0,02,10,00,00,0,12,3,0,02,0,05,0,00,1,020
0010,082,0,0,02,20,20,00,1,52,1,1,02,2,00,0,00,3,040
0032,063,0,3,02,20,20,10,1,70,3,0,02,2,01,0,00,7,050
0006,081,4,0,03,99,30,00,0,53,1,0,03,6,01,0,00,7,0
0025,069,3,0,06,99,30,00,1,53,3,0,06,6,01,0,00,7,0
0027,068,0,0,02,40,30,10,1,70,0,0,02,6,01,0,00,7,0
0003,072,0,0,03,20,20,00,1,52,0,0,03,2,02,0,00,3,070
0011,072,3,0,02,20,20,00,5,52,1,0,02,2,02,0,00,4,050
0001,085,0,0,02,99,20,10,0,70,3,0,02,2,05,0,00,7,100
0005,084,4,0,03,40,20,10,1,70,0,0,03,2,01,0,00,7,050
0017,076,3,0,02,20,00,00,0,15,1,0,02,0,01,4,30,1,032
0052,085,2,0,02,99,99,99,0,0,1,0,02,0,05,0,00,0,0
0002,076,0,0,02,40,00,00,0,53,1,0,02,0,02,0,12,7,030
0006,083,2,0,02,30,00,00,0,33,3,0,02,0,02,0,00,7,035
0002,084,2,0,02,20,00,10,0,70,3,0,02,0,05,0,00,7,058
0072,056,2,0,02,20,10,00,0,33,3,1,02,1,05,5,33,4,013
0001,087,0,0,02,99,20,10,1,70,3,0,02,2,01,0,00,7,0
0003,070,0,0,02,10,00,10,1,70,1,0,02,0,05,0,00,7,010
0038,071,0,0,03,10,00,00,1,12,1,0,02,0,01,0,00,1,018
0013,072,0,0,04,20,99,10,1,70,8,0,04,0,01,0,00,7,0
0012,068,3,3,03,10,30,00,1,53,1,0,03,6,01,4,00,7,007
0002,091,4,0,03,40,20,10,0,70,1,0,03,2,01,0,00,7,0
0000,069,0,0,02,30,20,10,0,70,3,0,02,2,05,0,00,7,016
0003,069,3,0,03,40,00,00,0,53,1,0,03,0,05,0,00,7,057
0024,081,0,0,02,99,00,10,0,70,9,0,02,0,05,0,00,7,0
0048,075,2,0,03,20,00,00,0,15,3,0,02,0,02,4,33,1,038
0000,075,0,0,02,40,20,00,0,53,3,0,02,2,01,0,00,7,0
0006,074,0,0,02,10,00,00,0,12,3,0,02,0,02,0,00,1,020
0029,085,2,0,02,20,00,00,0,15,3,1,02,0,05,5,33,2,030
0001,080,0,0,02,40,99,10,0,70,9,0,02,0,05,0,00,7,075
0004,077,3,0,02,20,10,00,0,33,1,0,02,1,02,0,00,3,043
0011,054,0,0,02,20,20,00,1,52,2,0,02,2,05,0,00,4,0
0023,054,0,0,03,20,00,00,0,15,1,0,03,0,05,0,00,2,073
0024,076,4,0,02,40,20,00,0,53,9,0,02,2,01,0,00,7,0
0048,080,0,0,05,05,00,00,1,00,0,0,03,0,02,0,00,0,0
0043,080,3,0,05,20,22,00,8,72,0,0,04,2,02,5,50,3,017
0049,074,0,0,04,99,00,99,0,0,3,0,03,0,05,0,12,0,029
0004,053,0,0,02,40,20,10,1,70,1,1,02,2,01,0,00,7,0
0052,053,2,0,02,20,00,00,0,15,3,0,02,0,05,0,21,1,080
0001,075,3,0,02,20,00,10,0,70,1,0,02,0,05,0,00,7,048
0001,084,0,0,02,99,00,10,0,70,1,0,02,0,01,0,00,7,020
0005,089,0,0,02,40,00,10,0,70,1,0,02,0,02,0,12,7,020
0028,067,0,0,02,40,99,00,0,53,1,0,02,0,01,0,00,7,040
0008,064,2,0,02,99,20,99,0,0,1,0,02,2,02,0,00,3,040
0049,081,2,0,01,10,00,00,0,12,3,1,00,0,02,4,21,1,028
0006,072,0,0,02,40,20,00,0,53,9,0,02,2,01,0,00,7,0
0000,085,0,0,02,40,20,10,0,70,9,0,02,2,00,0,00,7,014
0067,086,3,0,02,20,00,00,0,15,3,0,02,0,02,5,33,2,040
0006,091,3,0,04,20,99,99,1,0,0,0,03,0,01,0,00,1,0
0009,075,0,0,02,30,30,10,0,70,1,0,02,6,05,0,00,7,024
0002,063,3,0,03,40,20,10,0,70,9,0,02,2,05,0,00,7,035
0067,053,1,0,03,20,10,00,0,33,3,0,02,1,05,5,33,4,015
0034,056,0,0,03,10,10,00,0,32,3,0,03,1,05,0,00,3,007
0002,085,0,0,03,40,00,99,0,0,1,0,03,0,01,0,00,7,020
0019,081,4,0,02,20,20,00,1,52,1,1,02,2,05,0,00,3,033
0018,063,2,0,02,40,20,00,0,53,1,0,02,2,05,0,00,4,040
0003,078,4,0,03,30,20,10,0,70,3,0,03,2,01,0,00,7,039
0008,073,2,0,05,10,00,00,0,12,2,0,05,0,05,5,33,1,010
0031,072,4,0,02,20,20,10,0,70,3,0,02,2,01,0,00,7,040
0028,060,3,0,03,10,20,00,1,52,1,0,03,2,01,0,00,3,022
0067,081,0,0,02,30,10,00,1,52,1,0,02,1,01,0,00,7,060
0006,071,4,0,02,99,99,10,0,70,9,0,02,0,01,0,00,7,0
0066,068,2,0,02,20,20,00,0,52,1,0,02,2,05,5,33,4,042
0013,089,3,0,02,40,20,10,0,70,3,1,02,2,02,0,00,3,080
0002,079,0,0,02,30,20,00,1,52,3,0,02,2,05,0,00,7,035
0009,084,0,0,01,99,20,00,1,52,1,1,00,2,05,0,00,3,037
0002,069,4,0,02,40,10,10,1,70,1,0,02,1,01,0,00,7,070
0008,074,0,0,02,30,00,00,0,33,1,0,02,0,02,5,33,1,040
0010,060,3,0,02,40,10,10,1,70,3,0,02,1,01,0,00,7,073
0000,080,0,0,02,40,20,10,1,70,3,0,02,2,05,0,00,7,0
0005,074,3,0,01,10,20,10,1,70,1,1,00,2,05,0,00,7,017
0005,064,0,0,04,40,20,10,0,70,9,0,04,2,01,0,00,7,040
0006,067,0,0,01,40,20,00,0,53,3,1,00,2,05,0,00,7,0
0047,064,3,0,03,40,00,00,1,53,1,0,02,0,02,0,00,1,023
0047,064,0,0,03,20,00,00,1,15,1,0,03,0,01,0,00,1,036
0000,047,0,0,03,40,20,10,0,70,9,0,03,2,01,0,00,7,0
0009,077,3,0,03,20,00,00,0,15,1,0,02,0,05,5,33,1,035
0006,077,2,0,03,20,00,00,0,15,3,0,03,0,08,0,21,1,040
0005,083,3,0,03,40,99,10,0,70,9,0,03,0,05,0,00,7,0
0005,069,0,0,02,99,99,99,0,0,9,0,02,0,01,0,00,0,0
0013,080,3,0,04,40,30,00,0,53,3,0,04,6,01,0,00,7,042
0043,084,0,0,02,20,00,00,1,15,3,0,02,0,05,0,00,1,035
0000,078,0,0,02,40,00,10,0,70,1,0,02,0,00,0,00,7,025
0014,064,2,0,02,40,10,10,1,70,1,0,02,1,05,0,00,7,023
0037,099,2,0,05,15,00,00,1,10,0,0,05,0,02,0,00,1,0
0033,083,0,3,02,10,10,00,1,50,1,0,02,1,02,1,00,7,0
0000,075,0,0,04,40,20,10,0,70,1,0,04,2,05,0,00,7,023
0060,079,2,0,02,30,10,00,0,52,1,0,02,1,02,5,33,3,025
0003,072,0,0,02,99,20,00,1,52,9,0,02,2,05,0,00,3,0
0012,082,2,0,03,40,30,10,0,70,3,0,03,6,05,0,00,7,058
0001,066,4,0,02,20,10,10,1,70,1,0,02,1,01,0,00,7,051
0034,058,2,0,02,10,00,00,0,12,1,0,02,0,05,5,21,1,012
0026,075,0,4,02,99,99,10,1,70,3,0,02,0,05,5,33,7,0
0055,092,0,0,04,40,20,00,0,53,3,0,03,2,02,0,00,7,072
0005,079,0,0,02,10,00,00,0,12,1,0,02,0,05,0,00,1,023
0020,088,0,0,03,99,99,99,0,0,3,0,03,0,00,0,00,0,0
0060,083,2,0,02,10,00,00,1,12,1,1,02,0,02,0,00,1,017
0016,074,0,0,03,20,00,00,1,15,2,0,03,0,05,0,00,1,034
0067,082,3,0,03,10,00,00,0,12,3,0,03,0,01,5,33,1,010
0021,081,3,0,02,10,00,00,0,12,3,0,02,0,05,0,21,1,022
0002,093,3,0,02,20,10,10,1,70,3,0,02,1,02,0,00,7,170
0011,070,0,0,03,10,00,00,0,12,1,0,03,0,01,0,00,1,010
0005,077,3,0,02,40,00,10,1,70,0,0,02,0,02,0,00,7,090
0008,088,0,0,02,30,20,00,1,52,1,0,02,2,02,0,00,7,057
0007,065,2,0,02,10,00,00,0,12,1,0,02,0,05,4,21,1,018
0012,078,3,0,03,10,20,10,0,70,3,0,03,2,01,0,00,7,025
0012,067,0,0,02,99,00,10,0,70,3,0,02,0,01,0,00,7,0
0008,079,0,0,02,10,10,00,1,32,3,0,02,1,01,0,00,3,025
0030,076,2,0,03,20,00,00,0,15,1,0,03,0,05,5,33,2,030
0023,084,0,0,02,20,10,10,1,70,3,0,02,1,01,0,00,4,011
0004,083,2,0,02,10,00,00,1,12,1,0,02,0,05,0,00,1,024
0003,075,0,0,02,40,00,10,0,70,9,0,02,0,01,0,00,7,0
0030,085,1,0,02,20,00,00,0,15,3,0,02,0,05,3,30,1,070
0005,071,0,0,02,20,00,10,1,70,1,0,02,0,02,0,00,7,061
0017,054,0,0,02,10,20,00,0,52,1,0,02,2,01,0,00,3,020
0062,086,1,0,02,20,00,10,0,70,1,1,01,0,10,5,33,1,038
0062,086,1,0,02,10,00,10,0,70,3,0,02,0,05,0,00,1,020
0006,086,3,0,02,40,20,10,1,70,9,0,02,2,05,0,00,7,0
0001,088,0,0,02,40,00,00,0,53,1,0,02,0,01,0,00,7,080
0068,079,0,0,02,10,00,00,1,12,1,0,02,0,01,0,00,1,022
0022,080,0,0,02,20,20,00,0,52,2,0,02,2,05,0,00,3,034
0000,092,0,0,02,40,00,00,0,53,9,1,02,0,01,0,00,7,100
0014,074,0,0,02,40,20,10,1,70,3,0,02,2,01,0,00,3,023
0018,080,3,0,02,10,00,00,8,12,3,0,02,0,05,0,00,1,018
0001,083,3,0,02,40,99,10,1,70,3,0,02,0,05,0,00,7,050
0010,072,0,0,02,40,20,10,0,70,3,0,02,2,01,0,00,7,0
0007,050,3,3,02,20,00,10,1,70,1,1,02,0,05,0,30,7,095
0021,046,4,0,03,10,00,00,0,12,1,0,03,0,05,0,21,1,008
0004,073,0,0,02,40,20,00,0,53,3,1,02,2,02,0,00,7,0
0001,080,0,0,02,99,20,10,1,70,1,0,02,2,02,0,00,7,0
0006,092,0,0,02,40,99,99,0,0,9,0,02,0,01,0,00,7,0
0002,080,0,0,04,30,10,00,0,52,1,0,04,1,02,0,00,7,049
0004,076,2,0,02,40,20,99,1,0,9,0,02,2,05,0,00,4,0
0004,059,0,0,02,40,30,10,0,70,0,0,02,6,05,4,00,7,0
0010,084,1,0,02,99,00,10,0,70,9,0,02,0,05,0,00,7,018
0020,054,3,0,02,20,30,00,1,53,1,0,02,6,01,0,00,7,060
0044,074,0,0,02,99,99,99,1,0,1,0,02,0,01,0,00,0,0
0005,073,2,0,04,40,00,00,0,53,8,0,04,0,02,5,30,7,095
0017,078,3,0,03,10,10,00,0,32,3,0,03,1,11,5,30,3,030
0061,083,1,0,04,10,00,00,0,12,1,0,03,0,05,5,33,1,023
0005,084,1,0,01,10,00,10,0,70,3,1,00,0,05,4,21,1,014
0007,042,3,2,02,30,00,00,1,33,1,1,02,0,02,5,46,7,050
0008,070,3,0,04,10,20,00,1,52,3,0,04,2,01,0,00,3,009
0005,086,0,0,02,40,00,10,1,70,1,0,02,0,02,0,00,7,060
0004,077,0,0,01,20,20,00,1,52,1,1,00,2,02,0,00,4,044
0000,094,0,0,02,40,20,10,0,70,1,0,02,2,01,0,00,7,075
0001,071,0,0,02,99,99,10,0,70,9,0,02,0,02,0,00,7,0
0005,082,3,0,03,99,99,10,0,70,9,0,03,0,01,0,00,7,0
0049,069,2,0,02,10,00,00,1,12,1,0,02,0,02,0,00,1,020
0002,080,0,0,02,20,20,10,1,70,1,0,02,2,05,0,00,7,100
0017,086,0,0,03,10,00,00,1,12,1,0,03,0,01,0,00,1,019
0005,069,4,0,03,99,20,10,1,70,1,0,03,2,01,0,00,7,0
0013,068,0,0,03,40,20,00,1,53,1,0,03,2,01,0,00,7,100
0017,062,0,0,02,30,10,00,5,52,1,0,02,5,01,0,00,3,0
0009,065,3,0,02,20,00,10,0,70,3,0,02,0,01,0,00,7,039
0019,081,0,0,03,40,20,00,0,53,1,0,03,2,05,0,00,7,029
0018,065,0,0,02,10,10,10,1,70,2,0,02,5,05,0,00,7,023
0024,084,3,0,02,40,00,00,0,53,3,0,02,0,02,0,12,1,030
0015,073,3,3,02,30,00,00,1,33,1,0,02,0,01,5,46,7,042
0020,071,1,0,03,99,99,99,0,0,3,0,03,0,05,0,00,0,015
0000,082,3,0,02,40,99,00,0,53,1,1,02,0,05,0,00,7,0
0019,076,2,0,04,10,00,00,0,12,1,0,04,0,10,5,30,1,015
0002,077,0,0,02,99,10,10,1,70,1,0,02,1,05,0,00,7,0
0021,085,0,0,02,10,00,00,0,12,2,0,02,0,01,0,00,1,008
0051,078,2,0,02,10,00,00,0,12,1,0,02,0,02,0,21,1,015
0003,072,3,0,02,10,20,00,8,52,3,0,02,2,05,0,00,3,027
0065,089,1,0,02,10,00,00,0,12,1,0,02,0,05,4,33,1,020
0041,054,4,0,03,40,10,10,0,70,3,0,03,1,05,4,45,7,035
0004,093,0,0,02,41,00,00,1,72,0,0,02,0,02,0,00,7,0
0018,075,0,0,01,20,00,00,1,15,1,1,00,0,05,0,00,2,032
0013,070,0,0,03,99,99,10,0,70,1,0,03,0,05,0,00,7,0
0065,067,2,0,02,10,00,00,1,12,1,0,02,0,02,0,00,1,020
0044,075,0,0,03,99,10,00,1,0,1,0,03,1,01,0,00,3,0
0032,068,2,0,03,99,00,00,1,0,0,0,03,0,02,0,00,0,0
0006,087,3,0,02,40,20,10,1,70,1,0,02,2,05,0,00,7,027
0001,082,1,0,02,20,00,00,0,15,1,0,02,0,05,0,21,2,0
0000,076,0,0,02,20,10,10,0,70,1,0,02,1,01,0,00,7,060
0005,075,3,0,03,40,20,00,1,53,0,0,03,2,01,0,00,4,070
0000,086,0,0,03,99,10,10,1,70,3,0,03,1,05,0,00,7,0
0000,077,0,0,02,40,99,99,0,0,9,0,02,0,05,0,00,7,0
0001,089,0,0,02,20,20,10,0,70,2,0,02,2,05,0,00,7,0
0019,080,0,0,03,20,00,00,1,15,3,1,02,0,01,0,00,1,050
0019,080,0,0,03,10,00,00,1,12,1,0,03,0,01,0,00,1,020
0008,087,1,0,02,20,00,00,0,15,1,0,02,0,05,4,21,1,035
0062,088,3,0,02,10,00,00,1,12,3,0,02,0,01,0,00,1,021
0051,059,0,0,02,40,30,10,0,70,2,1,02,6,05,0,00,7,037
0006,076,0,0,02,40,20,10,0,70,1,0,02,2,05,1,00,7,013
0018,073,3,0,03,20,20,00,0,52,3,0,03,2,01,0,00,3,0
0002,082,1,0,03,99,99,10,1,70,1,0,03,0,01,0,00,7,058
0032,078,3,0,03,10,10,00,0,32,1,0,03,1,01,5,33,3,019
0023,080,1,0,02,40,99,10,0,70,1,0,02,0,08,0,00,7,020
0016,075,0,0,02,40,99,99,7,0,1,0,02,0,00,0,00,1,030
0005,082,4,0,02,20,10,00,1,33,3,0,02,5,01,0,00,3,054
0013,072,2,0,03,10,00,10,1,70,3,0,03,0,02,0,00,7,030
0000,086,0,0,02,99,00,00,0,90,1,0,02,0,01,0,00,0,027
0009,080,0,0,02,40,20,10,0,70,9,0,02,2,01,0,00,7,0
0001,086,0,0,03,40,99,99,0,0,1,0,03,0,02,0,00,7,050
0049,080,0,0,02,20,20,00,0,52,1,0,02,2,01,3,00,3,031
0000,075,3,0,02,40,20,00,0,53,9,0,02,2,05,0,00,7,0
0001,077,3,0,02,20,20,00,1,52,1,0,02,2,05,0,00,4,048
0002,067,3,0,02,40,10,10,0,70,1,1,02,1,05,0,00,7,028
0054,065,3,0,02,40,00,00,0,53,1,0,02,0,01,0,00,2,060
0000,078,3,0,02,40,30,10,0,70,0,1,02,6,01,0,00,7,090
0067,074,4,0,04,10,10,00,0,32,1,0,04,1,01,5,33,3,025
0008,075,2,0,02,99,20,00,0,52,3,0,02,2,02,0,00,3,030
0058,084,0,0,04,20,00,00,0,15,3,0,03,0,02,0,00,1,052
0006,088,4,0,04,20,00,00,0,15,3,0,04,0,01,0,21,2,020
0000,078,4,0,02,40,30,10,0,70,1,0,02,6,01,0,00,7,097
0000,086,2,0,03,99,99,99,0,0,1,0,03,0,02,0,00,0,0
0003,082,0,0,03,40,99,10,1,70,1,0,03,0,02,0,00,7,070
0005,080,0,0,02,99,99,10,1,70,9,1,02,0,05,0,00,7,0
0020,068,3,0,03,10,00,00,0,12,1,0,03,0,02,4,30,1,020
0045,072,3,0,03,40,00,00,1,53,3,0,03,0,02,0,00,2,055
0004,090,0,0,02,40,20,10,7,70,1,0,02,2,05,0,00,7,0
0017,081,2,0,02,40,10,00,0,53,1,0,02,1,02,0,00,3,031
0005,077,0,0,02,10,10,10,1,70,3,0,02,1,05,0,00,7,018
0010,078,4,0,02,20,00,00,1,15,1,0,02,0,01,0,00,1,043
0002,081,3,0,02,40,20,10,0,70,3,0,02,2,05,0,00,7,060
0006,086,0,0,02,20,00,10,0,70,1,0,02,0,05,0,00,7,040
0006,090,3,0,02,20,00,00,1,15,1,0,02,0,02,0,00,1,055
0009,065,0,0,02,40,00,10,1,70,2,1,02,0,01,0,00,7,052
0005,073,0,0,02,99,10,10,1,70,3,0,02,1,01,0,00,7,070
0014,083,0,0,03,20,00,00,0,15,3,0,03,0,05,0,00,1,100
0035,083,1,0,03,20,20,00,1,52,1,0,03,2,02,0,00,3,991
0033,086,4,0,03,20,00,00,0,15,1,0,03,0,01,5,56,1,040
0012,049,2,0,02,10,00,00,0,12,1,1,02,0,05,5,33,1,017
0007,079,4,0,02,40,20,10,1,70,3,0,02,2,01,0,00,7,0
0000,074,0,0,02,99,20,10,0,70,2,0,02,2,05,0,00,7,078
0000,074,0,0,02,40,20,99,0,0,9,0,02,2,01,0,00,7,050
0003,072,3,0,02,40,00,10,1,70,3,0,02,0,01,0,00,7,045
0004,061,2,0,02,40,00,10,1,70,1,0,02,0,05,0,00,7,0
0000,074,0,0,02,30,99,10,0,70,1,0,02,0,01,0,00,7,160
0005,075,4,0,03,40,30,10,0,70,2,0,03,6,05,0,00,7,010
0031,076,0,0,03,40,00,00,0,53,1,0,02,0,05,0,00,7,033
0036,076,0,0,02,40,00,10,0,70,0,0,02,0,05,0,00,7,025
0013,063,0,0,03,10,00,00,0,12,2,0,03,0,01,0,12,1,017
0006,075,0,0,03,99,00,00,0,90,3,0,02,0,01,0,00,0,030
0000,085,0,0,03,40,20,10,0,70,9,0,03,2,05,0,00,7,0
0002,089,4,0,03,40,00,10,0,70,1,0,03,0,05,4,00,7,051
0004,086,0,0,03,40,20,00,0,53,1,0,03,2,01,0,00,7,0
0009,076,4,0,03,40,99,10,1,70,3,0,03,0,01,0,00,7,075
0036,064,0,0,02,40,20,00,1,53,1,0,02,2,02,0,00,4,0
0008,071,0,0,02,10,20,10,1,70,1,0,02,2,01,0,00,7,025
0002,076,0,0,03,40,30,10,7,70,3,0,03,6,02,0,00,7,025
0035,078,3,0,02,10,00,00,0,12,1,0,02,0,02,0,21,1,009
0061,078,0,0,02,40,20,00,1,53,0,0,02,2,01,0,00,4,0
0010,088,2,0,02,20,10,00,0,33,1,0,02,1,11,4,33,3,080
0003,069,2,0,02,20,20,00,1,52,1,0,02,2,02,0,00,3,052
0006,075,0,0,02,30,20,10,0,70,1,0,02,2,05,0,00,7,0
0009,075,0,0,02,40,10,10,1,70,1,0,02,1,01,0,00,7,0
0000,078,0,0,02,99,20,10,0,70,9,0,02,2,01,0,00,7,0
0005,078,0,0,02,40,20,10,1,70,1,0,02,2,01,0,00,7,080
0057,063,2,0,03,40,10,00,0,53,1,0,03,1,05,5,33,3,050
0005,080,3,0,02,20,20,00,1,52,3,0,02,2,01,0,00,3,045
0015,074,3,0,02,99,10,10,1,70,1,0,02,1,01,0,00,7,060
0011,071,3,0,02,40,20,00,0,53,3,1,02,2,08,0,00,7,036
0010,086,3,0,03,20,00,00,0,15,1,0,03,0,02,5,30,1,050
0009,088,0,0,02,40,20,00,0,53,1,0,02,2,01,0,00,3,054
0043,063,2,0,03,20,10,00,0,33,3,0,03,1,05,5,33,3,053
0069,064,0,2,02,20,00,00,1,15,1,0,02,0,00,7,45,1,045
0017,069,0,0,02,40,20,10,0,70,1,0,02,2,05,0,00,7,018
0022,044,4,0,02,40,20,10,1,70,2,1,02,2,05,0,00,7,0
0002,058,3,0,01,99,20,00,1,52,9,1,00,2,01,0,00,3,0
0012,084,0,0,02,20,00,10,0,70,1,0,02,0,01,4,00,7,034
0046,060,0,0,02,10,20,00,0,52,1,1,02,2,05,5,00,3,017
0000,088,0,0,02,99,99,10,0,70,9,0,02,0,08,0,00,7,0
0005,048,0,0,02,20,30,10,1,70,1,0,02,6,05,0,00,7,031
0001,062,3,0,02,40,30,10,0,70,8,1,02,6,05,0,00,7,040
0000,079,0,0,02,40,30,10,0,70,9,0,02,6,05,0,00,7,0
0004,075,3,0,02,40,20,00,1,53,3,0,02,2,02,0,00,4,0
0019,074,3,0,03,10,00,00,8,12,1,0,02,0,02,5,33,1,022
0019,074,3,0,03,20,10,00,8,33,1,0,03,1,10,5,33,3,030
0039,074,3,0,04,40,00,00,1,53,3,0,04,0,02,0,00,2,027
0006,075,3,0,03,40,00,00,0,53,9,0,03,0,05,0,00,7,0
0028,081,0,3,03,20,20,10,1,70,9,0,03,2,01,4,00,7,0
0001,077,0,0,03,99,10,10,0,70,3,0,03,8,01,0,00,7,0
0004,062,2,3,01,30,10,00,1,52,1,1,00,1,05,5,46,7,075
0020,081,3,0,02,40,10,10,0,70,3,0,02,1,05,0,00,7,0
0001,073,0,0,02,40,99,10,0,70,1,0,02,0,05,0,00,7,024
0022,088,2,0,02,88,88,88,0,88,3,0,02,0,05,0,00,2,0
0017,078,0,0,02,30,20,00,5,52,1,0,02,2,01,0,00,3,0
0018,081,0,0,02,20,20,10,0,70,1,1,02,2,01,0,00,7,064
0003,079,3,0,02,30,20,10,1,70,9,0,02,2,05,0,00,7,0
0005,073,0,0,02,30,10,10,1,70,1,0,02,1,05,0,00,7,038
0032,080,3,0,02,20,00,00,0,15,3,0,02,0,01,0,00,1,052
0015,084,0,0,04,10,00,00,0,12,1,0,03,0,01,0,21,1,010
0015,084,0,0,04,10,00,00,0,12,1,0,04,0,05,0,20,1,990
0011,057,3,3,02,20,00,10,1,70,9,0,02,0,02,4,30,2,025
0014,080,2,0,02,40,20,10,1,70,3,0,02,2,01,0,00,7,038
0002,089,0,0,02,40,30,10,1,70,1,0,02,6,01,0,00,7,066
0019,075,0,3,02,40,20,10,1,70,3,1,02,2,01,0,00,7,047
0017,072,3,0,04,15,00,00,1,10,0,0,04,0,02,0,00,1,0
0000,083,3,0,02,10,00,00,0,12,3,0,02,0,02,0,00,1,030
0039,064,0,0,03,10,00,00,0,10,1,0,03,0,02,0,24,1,990
0050,075,1,0,02,20,00,10,0,70,2,0,02,0,05,5,33,7,035
0003,076,0,0,02,40,20,10,0,70,1,0,02,2,05,0,00,7,031
0009,070,0,0,03,99,30,10,1,70,0,0,03,6,01,0,00,7,0
0005,076,0,0,03,40,30,10,0,70,1,0,03,6,05,0,00,7,090
0019,076,0,0,02,30,10,00,0,52,3,0,02,1,02,5,56,7,072
0009,080,0,0,02,30,30,00,0,53,8,0,02,6,01,0,00,7,153
0060,079,1,0,02,20,00,00,0,15,3,0,02,0,05,5,33,1,060
0008,058,0,0,02,40,20,10,1,70,3,0,02,2,01,0,00,7,018
0049,075,0,0,03,10,00,00,0,12,3,0,03,0,01,4,80,1,012
0007,081,3,0,02,20,00,10,1,70,1,0,02,0,05,0,00,7,040
0039,077,0,0,03,10,00,00,1,12,1,0,03,0,01,0,00,1,012
0014,059,4,0,02,20,10,00,0,33,1,0,02,1,01,5,33,4,014
0006,075,2,0,02,40,20,10,1,70,1,0,02,2,02,0,00,7,060
0001,082,0,0,02,40,00,00,7,53,9,0,02,0,05,0,00,7,020
0000,074,0,0,03,10,00,10,0,70,1,0,03,0,05,0,00,7,030
0050,083,3,0,02,10,00,00,0,12,1,0,02,0,02,5,33,1,017
0015,081,3,0,02,10,00,00,0,12,3,0,02,0,05,4,30,1,026
0026,078,4,0,02,20,00,00,1,15,1,0,02,0,01,0,00,1,055
0015,084,1,0,02,20,00,00,1,15,0,0,02,0,02,0,00,1,035
0056,061,0,0,04,40,20,00,1,53,3,0,02,2,05,0,00,4,025
0052,061,1,0,04,10,00,00,0,12,2,0,03,0,05,4,21,1,001
0017,078,2,0,02,40,20,00,0,53,1,0,02,2,05,5,21,3,018
0012,077,3,0,02,10,20,10,0,70,1,0,02,2,05,0,00,7,019
0070,072,1,0,02,88,88,88,0,88,2,0,02,1,05,0,00,7,0
0029,073,3,0,02,10,00,00,0,12,3,0,02,0,11,5,33,1,012
0002,079,1,0,02,10,20,10,1,70,1,0,02,2,05,0,00,7,026
0030,083,0,0,02,99,00,99,0,0,1,0,02,0,00,0,0,1,0
0003,090,0,0,02,40,99,99,0,0,1,0,02,0,01,0,00,7,036
0062,077,0,0,02,99,20,00,1,52,9,1,02,2,02,0,00,3,0
0026,081,2,0,03,10,00,00,0,12,1,0,02,0,05,4,21,1,015
0003,082,2,0,02,20,00,00,0,15,1,0,02,0,02,5,33,1,020
0019,086,0,0,02,99,99,99,0,0,3,0,02,0,01,0,00,0,0
0030,080,3,0,03,40,99,99,0,0,3,0,03,0,05,0,00,1,0
0064,079,2,0,02,20,00,00,0,15,3,0,02,0,02,4,48,2,040
0016,074,0,0,02,40,10,99,1,0,9,1,02,1,05,0,00,4,050
0013,079,3,0,02,40,30,00,1,53,1,0,02,6,01,0,00,7,0
0001,071,0,3,02,40,30,10,1,70,3,0,02,6,01,1,00,7,0
0002,078,3,0,01,20,00,10,0,70,3,1,00,0,02,0,00,7,033
0063,082,1,0,01,20,00,00,0,15,3,1,00,0,05,4,33,2,040
0004,081,3,0,03,99,99,99,7,0,9,0,03,0,01,0,00,0,0
0007,084,1,0,02,20,20,00,0,52,1,0,02,2,05,0,00,3,036
0019,064,2,0,03,20,00,10,0,70,1,0,03,0,05,5,56,1,038
0014,067,0,0,03,10,10,00,0,32,1,0,02,1,01,0,00,3,030
0014,067,0,0,03,99,00,00,0,90,9,0,03,0,01,0,00,0,0
0014,082,2,0,03,99,00,99,0,0,1,0,03,0,05,0,00,0,0
0001,065,3,0,02,10,30,10,0,70,1,0,02,6,01,0,00,7,010
0034,069,0,0,02,20,20,10,0,70,9,0,02,2,05,0,00,7,0
0005,077,0,0,02,40,99,10,0,70,9,0,02,0,05,0,00,7,0
